Workbook

Sheet General
A1: parameter | B1: value
A2: eta | B2: 0.7
A3: Lmin | B3: 1
A4: Bmin | B4: 1
A5: LS | B5: 10
A6: LL | B6: 4
A7: LT | B7: 10
A8: LF | B8: 10
A9: B | B9: 3500
A10: alfa | B10: 0.2
A11: alfa_prime | B11: 0.5
A12: delta | B12: 0.85
A13: tc | B13: 50
A14: E0 | B14: 65149

Sheet e_bar
A1: j | B1: l | C1: e_bar
A2: 1 | B2: 1 | C2: 1.8
A3: 1 | B3: 2 | C3: 1
A4: 1 | B4: 3 | C4: 0.6
A5: 1 | B5: 4 | C5: 0.1
A6: 2 | B6: 1 | C6: 1.8
A7: 2 | B7: 2 | C7: 1
A8: 2 | B8: 3 | C8: 0.6
A9: 2 | B9: 4 | C9: 0.1
A10: 3 | B10: 1 | C10: 1.8
A11: 3 | B11: 2 | C11: 1
A12: 3 | B12: 3 | C12: 0.6
A13: 3 | B13: 4 | C13: 0.1
... A49: 12 | B49: 4 | C49: 0.1

Sheet e_hat
A1: s | B1: j | C1: e_hat
A2: 1 | B2: 1 | C2: 66.896079
A3: 1 | B3: 2 | C3: 73.959696
A4: 1 | B4: 3 | C4: 80.081087
A5: 1 | B5: 4 | C5: 63.682262
A6: 1 | B6: 5 | C6: 28.640384
A7: 1 | B7: 6 | C7: 34.437082
A8: 1 | B8: 7 | C8: 1.3690399
A9: 1 | B9: 8 | C9: 77.416855
A10: 1 | B10: 9 | C10: 3.1080657
A11: 1 | B11: 10 | C11: 9.5913971
A12: 2 | B12: 1 | C12: 69.423048
A13: 2 | B13: 2 | C13: 73.397896
... A101: 10 | B101: 10 | C101: 76.302923

Sheet c_bar
A1: j | B1: l | C1: c_bar
A2: 1 | B2: 1 | C2: 0.5
A3: 1 | B3: 2 | C3: 0.6
A4: 1 | B4: 3 | C4: 0.7
A5: 1 | B5: 4 | C5: 0.85
A6: 2 | B6: 1 | C6: 0.5
A7: 2 | B7: 2 | C7: 0.6
A8: 2 | B8: 3 | C8: 0.7
A9: 2 | B9: 4 | C9: 0.85
A10: 3 | B10: 1 | C10: 0.5
A11: 3 | B11: 2 | C11: 0.6
A12: 3 | B12: 3 | C12: 0.7
A13: 3 | B13: 4 | C13: 0.85
... A41: 10 | B41: 4 | C41: 0.85

Sheet c_hat
A1: s | B1: j | C1: c_hat
A2: 1 | B2: 1 | C2: 0.84678581
A3: 1 | B3: 2 | C3: 0.93619868
A4: 1 | B4: 3 | C4: 1.0136847
A5: 1 | B5: 4 | C5: 0.80610458
A6: 1 | B6: 5 | C6: 0.3625365
A7: 1 | B7: 6 | C7: 0.43591243
A8: 1 | B8: 7 | C8: 0.017329619
A9: 1 | B9: 8 | C9: 0.97996019
A10: 1 | B10: 9 | C10: 0.039342604
A11: 1 | B11: 10 | C11: 0.12141009
A12: 2 | B12: 1 | C12: 0.87877275
A13: 2 | B13: 2 | C13: 0.9290873
... A101: 10 | B101: 10 | C101: 0.96585978

Sheet kappa
A1: j | B1: l | C1: kappa | D1: k_per_ton
A2: 1 | B2: 1 | C2: =D2*CF!C2 -> 0 | D2: 0
A3: 1 | B3: 2 | C3: =D3*CF!C3 -> 39.3 | D3: 0.1
A4: 1 | B4: 3 | C4: =D4*CF!C4 -> 86.1 | D4: 0.2
A5: 1 | B5: 4 | C5: =D5*CF!C5 -> 168.6 | D5: 0.4
A6: 2 | B6: 1 | C6: =D6*CF!C6 -> 0 | D6: 0
A7: 2 | B7: 2 | C7: =D7*CF!C7 -> 45 | D7: 0.1
A8: 2 | B8: 3 | C8: =D8*CF!C8 -> 96 | D8: 0.2
A9: 2 | B9: 4 | C9: =D9*CF!C9 -> 204 | D9: 0.4
A10: 3 | B10: 1 | C10: =D10*CF!C10 -> 0 | D10: 0
A11: 3 | B11: 2 | C11: =D11*CF!C11 -> 57 | D11: 0.1
A12: 3 | B12: 3 | C12: =D12*CF!C12 -> 73.8 | D12: 0.2
A13: 3 | B13: 4 | C13: =D13*CF!C13 -> 157.2 | D13: 0.4
... A41: 10 | B41: 4 | C41: =D41*CF!C41 -> 228 | D41: 0.4

Sheet CF
A1: j | B1: t | C1: CF
A2: 1 | B2: 1 | C2: =D!B2*1.5/10 -> 369
A3: 1 | B3: 2 | C3: =D!B3*1.5/10 -> 393
A4: 1 | B4: 3 | C4: =D!B4*1.5/10 -> 430.5
A5: 1 | B5: 4 | C5: =D!B5*1.5/10 -> 421.5
A6: 1 | B6: 5 | C6: =D!B6*1.5/10 -> 406.5
A7: 1 | B7: 6 | C7: =D!B7*1.5/10 -> 450
A8: 1 | B8: 7 | C8: =D!B8*1.5/10 -> 480
A9: 1 | B9: 8 | C9: =D!B9*1.5/10 -> 510
A10: 1 | B10: 9 | C10: =D!B10*1.5/10 -> 540
A11: 1 | B11: 10 | C11: =D!B11*1.5/10 -> 570
A12: 2 | B12: 1 | C12: =C2 -> 369
A13: 2 | B13: 2 | C13: =C3 -> 393
A14: 2 | B14: 3 | C14: =C4 -> 430.5
A15: 2 | B15: 4 | C15: =C5 -> 421.5
A16: 2 | B16: 5 | C16: =C6 -> 406.5
A17: 2 | B17: 6 | C17: =C7 -> 450
A18: 2 | B18: 7 | C18: =C8 -> 480
A19: 2 | B19: 8 | C19: =C9 -> 510
A20: 2 | B20: 9 | C20: =C10 -> 540
A21: 2 | B21: 10 | C21: =C11 -> 570
A22: 3 | B22: 1 | C22: =C12 -> 369
A23: 3 | B23: 2 | C23: =C13 -> 393
... A101: 10 | B101: 10 | C101: =C91 -> 570

Sheet CS
A1: s | B1: t | C1: CS
A2: 1 | B2: 1 | C2: =D!B2*1.5/10 -> 369
A3: 1 | B3: 2 | C3: =D!B3*1.5/10 -> 393
A4: 1 | B4: 3 | C4: =D!B4*1.5/10 -> 430.5
A5: 1 | B5: 4 | C5: =D!B5*1.5/10 -> 421.5
A6: 1 | B6: 5 | C6: =D!B6*1.5/10 -> 406.5
A7: 1 | B7: 6 | C7: =D!B7*1.5/10 -> 450
A8: 1 | B8: 7 | C8: =D!B8*1.5/10 -> 480
A9: 1 | B9: 8 | C9: =D!B9*1.5/10 -> 510
A10: 1 | B10: 9 | C10: =D!B10*1.5/10 -> 540
A11: 1 | B11: 10 | C11: =D!B11*1.5/10 -> 570
A12: 2 | B12: 1 | C12: =C2 -> 369
A13: 2 | B13: 2 | C13: =C3 -> 393
A14: 2 | B14: 3 | C14: =C4 -> 430.5
A15: 2 | B15: 4 | C15: =C5 -> 421.5
A16: 2 | B16: 5 | C16: =C6 -> 406.5
A17: 2 | B17: 6 | C17: =C7 -> 450
A18: 2 | B18: 7 | C18: =C8 -> 480
A19: 2 | B19: 8 | C19: =C9 -> 510
A20: 2 | B20: 9 | C20: =C10 -> 540
A21: 2 | B21: 10 | C21: =C11 -> 570
A22: 3 | B22: 1 | C22: =C12 -> 369
A23: 3 | B23: 2 | C23: =C13 -> 393
... A101: 10 | B101: 10 | C101: =C91 -> 570

Sheet D
A1: t | B1: D
A2: 1 | B2: 2460
A3: 2 | B3: 2620
A4: 3 | B4: 2870
A5: 4 | B5: 2810
A6: 5 | B6: 2710
A7: 6 | B7: 3000
A8: 7 | B8: 3200
A9: 8 | B9: 3400
A10: 9 | B10: 3600
A11: 10 | B11: 3800

Sheet C
A1: t | B1: C
A2: 1 | B2: 65149
A3: 2 | B3: 53747.925
A4: 3 | B4: 42346.85
A5: 4 | B5: 30945.775
A6: 5 | B6: 19544.7
A7: 6 | B7: 15000
A8: 7 | B8: 12000
A9: 8 | B9: 9000
A10: 9 | B10: 6000
A11: 10 | B11: 3000
